{
  "trailing_window": 33,
  "nsa_weight_scale": 0.2378625299025971,
  "half_life_years": 3.0328547402673047
}