{
  "model_id": "kalman_fusion",
  "overall": {
    "RMSE": 136.76268045928103,
    "MAE": 98.05573150732367,
    "MSE": 18704.030766407406,
    "STD_Actual": 189.22220170244944,
    "STD_Pred": 164.75469037865258,
    "STD_Ratio": 0.8706942890228503,
    "Diff_STD_Actual": 170.24293651443026,
    "Diff_STD_Pred": 113.74059114960727,
    "Diff_STD_Ratio": 0.6681075495896789,
    "Corr_Level": 0.7273671976169906,
    "Corr_Diff": 0.2651822298473946,
    "Diff_Sign_Accuracy": 0.7017543859649122,
    "Tail_MAE": 133.94046596411607,
    "Extreme_Hit_Rate": 0.16666666666666666,
    "NonCovid_RMSE": 136.76268045928103,
    "NonCovid_MAE": 98.05573150732367,
    "NonCovid_MSE": 18704.030766407406,
    "NonCovid_STD_Actual": 189.22220170244944,
    "NonCovid_STD_Pred": 164.75469037865258,
    "NonCovid_STD_Ratio": 0.8706942890228503,
    "NonCovid_Diff_STD_Actual": 170.24293651443026,
    "NonCovid_Diff_STD_Pred": 113.74059114960727,
    "NonCovid_Diff_STD_Ratio": 0.6681075495896789,
    "NonCovid_Corr_Level": 0.7273671976169906,
    "NonCovid_Corr_Diff": 0.2651822298473946,
    "NonCovid_Diff_Sign_Accuracy": 0.7017543859649122,
    "NonCovid_Tail_MAE": 133.94046596411607,
    "NonCovid_Extreme_Hit_Rate": 0.16666666666666666,
    "CovidOnly_RMSE": NaN,
    "CovidOnly_MAE": NaN,
    "CovidOnly_MSE": NaN,
    "CovidOnly_STD_Actual": NaN,
    "CovidOnly_STD_Pred": NaN,
    "CovidOnly_STD_Ratio": NaN,
    "CovidOnly_Diff_STD_Actual": NaN,
    "CovidOnly_Diff_STD_Pred": NaN,
    "CovidOnly_Diff_STD_Ratio": NaN,
    "CovidOnly_Corr_Level": NaN,
    "CovidOnly_Corr_Diff": NaN,
    "CovidOnly_Diff_Sign_Accuracy": NaN,
    "CovidOnly_Tail_MAE": NaN,
    "CovidOnly_Extreme_Hit_Rate": NaN,
    "N": 58,
    "N_NonCovid": 58,
    "N_Covid": 0,
    "Directional_Accuracy": 0.9655172413793104,
    "Acceleration_Accuracy": 0.7017543859649122,
    "N_Backtest": 58
  },
  "per_month": [
    {
      "ds": "2021-06",
      "actual": 850.0,
      "predicted": 467.3058139800441,
      "error": 382.6941860199559,
      "dir_correct": 1,
      "accel_correct": null
    },
    {
      "ds": "2021-07",
      "actual": 943.0,
      "predicted": 957.0224612742271,
      "error": -14.022461274227112,
      "dir_correct": 1,
      "accel_correct": 1
    },
    {
      "ds": "2021-08",
      "actual": 235.0,
      "predicted": 627.6877406065436,
      "error": -392.68774060654357,
      "dir_correct": 1,
      "accel_correct": 1
    },
    {
      "ds": "2021-09",
      "actual": 194.0,
      "predicted": 449.0998038023736,
      "error": -255.09980380237357,
      "dir_correct": 1,
      "accel_correct": 0
    },
    {
      "ds": "2021-10",
      "actual": 531.0,
      "predicted": 310.6430561827178,
      "error": 220.35694381728217,
      "dir_correct": 1,
      "accel_correct": 1
    },
    {
      "ds": "2021-11",
      "actual": 210.0,
      "predicted": 502.28761169908404,
      "error": -292.28761169908404,
      "dir_correct": 1,
      "accel_correct": 1
    },
    {
      "ds": "2021-12",
      "actual": 199.0,
      "predicted": 415.6502370971105,
      "error": -216.6502370971105,
      "dir_correct": 1,
      "accel_correct": 0
    },
    {
      "ds": "2022-01",
      "actual": 467.0,
      "predicted": 286.49572956853916,
      "error": 180.50427043146084,
      "dir_correct": 1,
      "accel_correct": 1
    },
    {
      "ds": "2022-02",
      "actual": 678.0,
      "predicted": 354.62841501659835,
      "error": 323.37158498340165,
      "dir_correct": 1,
      "accel_correct": 0
    },
    {
      "ds": "2022-03",
      "actual": 431.0,
      "predicted": 464.2671995319306,
      "error": -33.2671995319306,
      "dir_correct": 1,
      "accel_correct": 1
    },
    {
      "ds": "2022-04",
      "actual": 428.0,
      "predicted": 403.2501138189651,
      "error": 24.749886181034924,
      "dir_correct": 1,
      "accel_correct": 1
    },
    {
      "ds": "2022-05",
      "actual": 390.0,
      "predicted": 352.85337563933547,
      "error": 37.14662436066453,
      "dir_correct": 1,
      "accel_correct": 1
    },
    {
      "ds": "2022-06",
      "actual": 372.0,
      "predicted": 324.85615472821166,
      "error": 47.14384527178834,
      "dir_correct": 1,
      "accel_correct": 1
    },
    {
      "ds": "2022-07",
      "actual": 528.0,
      "predicted": 413.70482482086356,
      "error": 114.29517517913644,
      "dir_correct": 1,
      "accel_correct": 1
    },
    {
      "ds": "2022-08",
      "actual": 315.0,
      "predicted": 312.50235208454944,
      "error": 2.497647915450557,
      "dir_correct": 1,
      "accel_correct": 1
    },
    {
      "ds": "2022-09",
      "actual": 263.0,
      "predicted": 193.23451319682005,
      "error": 69.76548680317995,
      "dir_correct": 1,
      "accel_correct": 1
    },
    {
      "ds": "2022-10",
      "actual": 261.0,
      "predicted": 59.76851234056841,
      "error": 201.2314876594316,
      "dir_correct": 1,
      "accel_correct": 1
    },
    {
      "ds": "2022-11",
      "actual": 263.0,
      "predicted": 254.2748393437466,
      "error": 8.725160656253394,
      "dir_correct": 1,
      "accel_correct": 0
    },
    {
      "ds": "2022-12",
      "actual": 223.0,
      "predicted": 200.4284182557779,
      "error": 22.5715817442221,
      "dir_correct": 1,
      "accel_correct": 1
    },
    {
      "ds": "2023-01",
      "actual": 517.0,
      "predicted": 296.963844970906,
      "error": 220.036155029094,
      "dir_correct": 1,
      "accel_correct": 1
    },
    {
      "ds": "2023-02",
      "actual": 311.0,
      "predicted": 216.3712183819053,
      "error": 94.6287816180947,
      "dir_correct": 1,
      "accel_correct": 1
    },
    {
      "ds": "2023-03",
      "actual": 236.0,
      "predicted": 189.79001207185527,
      "error": 46.20998792814473,
      "dir_correct": 1,
      "accel_correct": 1
    },
    {
      "ds": "2023-04",
      "actual": 253.0,
      "predicted": 163.92564487338697,
      "error": 89.07435512661303,
      "dir_correct": 1,
      "accel_correct": 0
    },
    {
      "ds": "2023-05",
      "actual": 339.0,
      "predicted": 129.03949530336712,
      "error": 209.96050469663288,
      "dir_correct": 1,
      "accel_correct": 0
    },
    {
      "ds": "2023-06",
      "actual": 209.0,
      "predicted": 226.64347917438502,
      "error": -17.64347917438502,
      "dir_correct": 1,
      "accel_correct": 1
    },
    {
      "ds": "2023-07",
      "actual": 187.0,
      "predicted": 162.96393996749765,
      "error": 24.03606003250235,
      "dir_correct": 1,
      "accel_correct": 1
    },
    {
      "ds": "2023-08",
      "actual": 187.0,
      "predicted": 140.42249480397757,
      "error": 46.57750519602243,
      "dir_correct": 1,
      "accel_correct": 0
    },
    {
      "ds": "2023-09",
      "actual": 336.0,
      "predicted": 154.80281652568846,
      "error": 181.19718347431154,
      "dir_correct": 1,
      "accel_correct": 0
    },
    {
      "ds": "2023-10",
      "actual": 150.0,
      "predicted": 147.85650568497132,
      "error": 2.1434943150286756,
      "dir_correct": 1,
      "accel_correct": 1
    },
    {
      "ds": "2023-11",
      "actual": 164.0,
      "predicted": 114.47354105688325,
      "error": 49.52645894311675,
      "dir_correct": 1,
      "accel_correct": 0
    },
    {
      "ds": "2023-12",
      "actual": 216.0,
      "predicted": 131.46609964136948,
      "error": 84.53390035863052,
      "dir_correct": 1,
      "accel_correct": 0
    },
    {
      "ds": "2024-01",
      "actual": 353.0,
      "predicted": 335.13667870463036,
      "error": 17.863321295369644,
      "dir_correct": 1,
      "accel_correct": 1
    },
    {
      "ds": "2024-02",
      "actual": 275.0,
      "predicted": 129.45946323611767,
      "error": 145.54053676388233,
      "dir_correct": 1,
      "accel_correct": 1
    },
    {
      "ds": "2024-03",
      "actual": 303.0,
      "predicted": 153.81186671460932,
      "error": 149.18813328539068,