{
  "RMSE": 230.47935031925044,
  "MAE": 163.55308790476334,
  "MAPE": 23.090207994368143,
  "MedAPE": 20.119014678660005,
  "Mean_Error": -40.9431463800402,
  "Median_Error": -45.34792257118329,
  "Std_Error": 226.81355710822575,
  "Max_Error": 693.4147582780101,
  "Min_Error": 5.6143194511969625,
  "P90_Error": 316.73633210614724,
  "P95_Error": 484.10247265805356,
  "R2": 0.9493580630724675,
  "Direction_Accuracy": 100.0,
  "N": 35
}