{
  "trailing_window": 23,
  "nsa_weight_scale": 0.4092163624745585,
  "half_life_years": 1.124233093502729
}