{
  "RMSE": 2134.2072240666453,
  "MAE": 522.944878379155,
  "MAPE": 57.913631399374516,
  "MedAPE": 27.80293620378764,
  "Mean_Error": 42.063084979816225,
  "Median_Error": -76.9909069601315,
  "Std_Error": 2133.792673185527,
  "Max_Error": 20325.2889748055,
  "Min_Error": 0.17650573937493164,
  "P90_Error": 691.9068228167476,
  "P95_Error": 941.7800441121955,
  "R2": 0.16744060713387454,
  "Direction_Accuracy": 95.95959595959596,
  "N": 99
}