{
  "RMSE": 2126.5747549142484,
  "MAE": 544.6856359354578,
  "MAPE": 59.623961536270635,
  "MedAPE": 26.117483974342846,
  "Mean_Error": 14.485250399579249,
  "Median_Error": -90.53268202150855,
  "Std_Error": 2126.525420906004,
  "Max_Error": 20123.307384641135,
  "Min_Error": 0.24778457753143357,
  "P90_Error": 795.5052335344328,
  "P95_Error": 1063.6720390444452,
  "R2": 0.173384848334854,
  "Direction_Accuracy": 91.91919191919192,
  "N": 99
}