{
  "RMSE": 2119.9190418549106,
  "MAE": 521.7481954627121,
  "MAPE": 52.626566854657355,
  "MedAPE": 26.026238073435685,
  "Mean_Error": 34.317719134896166,
  "Median_Error": -91.71970333714216,
  "Std_Error": 2119.6412522340715,
  "Max_Error": 20118.117368413048,
  "Min_Error": 1.6270100121224402,
  "P90_Error": 714.2894513334661,
  "P95_Error": 1156.2480505775368,
  "R2": 0.17855099983621991,
  "Direction_Accuracy": 95.95959595959596,
  "N": 99
}