{
  "trailing_window": 33,
  "nsa_weight_scale": 0.3069166555875905,
  "half_life_years": 1.339820877486082
}