{
  "trailing_window": 31,
  "nsa_weight_scale": 0.10138281518564804,
  "half_life_years": 0.5685992343849486
}