{
  "trailing_window": 28,
  "nsa_weight_scale": 0.10640138995154608,
  "half_life_years": 3.2336957069833256
}