{
  "model_id": "baseline_consensus",
  "overall": {
    "RMSE": 144.02861305765026,
    "MAE": 101.27586206896552,
    "MSE": 20744.241379310344,
    "STD_Actual": 189.22220170244944,
    "STD_Pred": 154.43684662579517,
    "STD_Ratio": 0.8161666296888671,
    "Diff_STD_Actual": 170.24293651443026,
    "Diff_STD_Pred": 70.23596074372684,
    "Diff_STD_Ratio": 0.41256314171820835,
    "Corr_Level": 0.6849141288684327,
    "Corr_Diff": 0.033181972848877125,
    "Diff_Sign_Accuracy": 0.6666666666666666,
    "Tail_MAE": 161.2,
    "Extreme_Hit_Rate": 0.3333333333333333,
    "NonCovid_RMSE": 144.02861305765026,
    "NonCovid_MAE": 101.27586206896552,
    "NonCovid_MSE": 20744.241379310344,
    "NonCovid_STD_Actual": 189.22220170244944,
    "NonCovid_STD_Pred": 154.43684662579517,
    "NonCovid_STD_Ratio": 0.8161666296888671,
    "NonCovid_Diff_STD_Actual": 170.24293651443026,
    "NonCovid_Diff_STD_Pred": 70.23596074372684,
    "NonCovid_Diff_STD_Ratio": 0.41256314171820835,
    "NonCovid_Corr_Level": 0.6849141288684327,
    "NonCovid_Corr_Diff": 0.033181972848877125,
    "NonCovid_Diff_Sign_Accuracy": 0.6666666666666666,
    "NonCovid_Tail_MAE": 161.2,
    "NonCovid_Extreme_Hit_Rate": 0.3333333333333333,
    "CovidOnly_RMSE": NaN,
    "CovidOnly_MAE": NaN,
    "CovidOnly_MSE": NaN,
    "CovidOnly_STD_Actual": NaN,
    "CovidOnly_STD_Pred": NaN,
    "CovidOnly_STD_Ratio": NaN,
    "CovidOnly_Diff_STD_Actual": NaN,
    "CovidOnly_Diff_STD_Pred": NaN,
    "CovidOnly_Diff_STD_Ratio": NaN,
    "CovidOnly_Corr_Level": NaN,
    "CovidOnly_Corr_Diff": NaN,
    "CovidOnly_Diff_Sign_Accuracy": NaN,
    "CovidOnly_Tail_MAE": NaN,
    "CovidOnly_Extreme_Hit_Rate": NaN,
    "N": 58,
    "N_NonCovid": 58,
    "N_Covid": 0,
    "Directional_Accuracy": 0.9655172413793104,
    "Acceleration_Accuracy": 0.6666666666666666,
    "N_Backtest": 58
  },
  "per_month": [
    {
      "ds": "2021-06",
      "actual": 850.0,
      "predicted": 514.0,
      "error": 336.0,
      "dir_correct": 1,
      "accel_correct": null
    },
    {
      "ds": "2021-07",
      "actual": 943.0,
      "predicted": 825.0,
      "error": 118.0,
      "dir_correct": 1,
      "accel_correct": 0
    },
    {
      "ds": "2021-08",
      "actual": 235.0,
      "predicted": 717.0,
      "error": -482.0,
      "dir_correct": 1,
      "accel_correct": 1
    },
    {
      "ds": "2021-09",
      "actual": 194.0,
      "predicted": 453.0,
      "error": -259.0,
      "dir_correct": 1,
      "accel_correct": 0
    },
    {
      "ds": "2021-10",
      "actual": 531.0,
      "predicted": 401.0,
      "error": 130.0,
      "dir_correct": 1,
      "accel_correct": 1
    },
    {
      "ds": "2021-11",
      "actual": 210.0,
      "predicted": 507.0,
      "error": -297.0,
      "dir_correct": 1,
      "accel_correct": 1
    },
    {
      "ds": "2021-12",
      "actual": 199.0,
      "predicted": 399.0,
      "error": -200.0,
      "dir_correct": 1,
      "accel_correct": 0
    },
    {
      "ds": "2022-01",
      "actual": 467.0,
      "predicted": 250.0,
      "error": 217.0,
      "dir_correct": 1,
      "accel_correct": 1
    },
    {
      "ds": "2022-02",
      "actual": 678.0,
      "predicted": 392.0,
      "error": 286.0,
      "dir_correct": 1,
      "accel_correct": 0
    },
    {
      "ds": "2022-03",
      "actual": 431.0,
      "predicted": 430.0,
      "error": 1.0,
      "dir_correct": 1,
      "accel_correct": 1
    },
    {
      "ds": "2022-04",
      "actual": 428.0,
      "predicted": 416.0,
      "error": 12.0,
      "dir_correct": 1,
      "accel_correct": 1
    },
    {
      "ds": "2022-05",
      "actual": 390.0,
      "predicted": 353.0,
      "error": 37.0,
      "dir_correct": 1,
      "accel_correct": 1
    },
    {
      "ds": "2022-06",
      "actual": 372.0,
      "predicted": 278.0,
      "error": 94.0,
      "dir_correct": 1,
      "accel_correct": 1
    },
    {
      "ds": "2022-07",
      "actual": 528.0,
      "predicted": 261.0,
      "error": 267.0,
      "dir_correct": 1,
      "accel_correct": 0
    },
    {
      "ds": "2022-08",
      "actual": 315.0,
      "predicted": 282.0,
      "error": 33.0,
      "dir_correct": 1,
      "accel_correct": 1
    },
    {
      "ds": "2022-09",
      "actual": 263.0,
      "predicted": 263.0,
      "error": 0.0,
      "dir_correct": 1,
      "accel_correct": 1
    },
    {
      "ds": "2022-10",
      "actual": 261.0,
      "predicted": 198.0,
      "error": 63.0,
      "dir_correct": 1,
      "accel_correct": 1
    },
    {
      "ds": "2022-11",
      "actual": 263.0,
      "predicted": 200.0,
      "error": 63.0,
      "dir_correct": 1,
      "accel_correct": 0
    },
    {
      "ds": "2022-12",
      "actual": 223.0,
      "predicted": 201.0,
      "error": 22.0,
      "dir_correct": 1,
      "accel_correct": 1
    },
    {
      "ds": "2023-01",
      "actual": 517.0,
      "predicted": 175.0,
      "error": 342.0,
      "dir_correct": 1,
      "accel_correct": 0
    },
    {
      "ds": "2023-02",
      "actual": 311.0,
      "predicted": 188.0,
      "error": 123.0,
      "dir_correct": 1,
      "accel_correct": 1
    },
    {
      "ds": "2023-03",
      "actual": 236.0,
      "predicted": 225.0,
      "error": 11.0,
      "dir_correct": 1,
      "accel_correct": 1
    },
    {
      "ds": "2023-04",
      "actual": 253.0,
      "predicted": 177.0,
      "error": 76.0,
      "dir_correct": 1,
      "accel_correct": 0
    },
    {
      "ds": "2023-05",
      "actual": 339.0,
      "predicted": 178.0,
      "error": 161.0,
      "dir_correct": 1,
      "accel_correct": 0
    },
    {
      "ds": "2023-06",
      "actual": 209.0,
      "predicted": 214.0,
      "error": -5.0,
      "dir_correct": 1,
      "accel_correct": 1
    },
    {
      "ds": "2023-07",
      "actual": 187.0,
      "predicted": 184.0,
      "error": 3.0,
      "dir_correct": 1,
      "accel_correct": 1
    },
    {
      "ds": "2023-08",
      "actual": 187.0,
      "predicted": 164.0,
      "error": 23.0,
      "dir_correct": 1,
      "accel_correct": 0
    },
    {
      "ds": "2023-09",
      "actual": 336.0,
      "predicted": 148.0,
      "error": 188.0,
      "dir_correct": 1,
      "accel_correct": 0
    },
    {
      "ds": "2023-10",
      "actual": 150.0,
      "predicted": 164.0,
      "error": -14.0,
      "dir_correct": 1,
      "accel_correct": 1
    },
    {
      "ds": "2023-11",
      "actual": 164.0,
      "predicted": 173.0,
      "error": -9.0,
      "dir_correct": 1,
      "accel_correct": 1
    },
    {
      "ds": "2023-12",
      "actual": 216.0,
      "predicted": 151.0,
      "error": 65.0,
      "dir_correct": 1,
      "accel_correct": 0
    },
    {
      "ds": "2024-01",
      "actual": 353.0,
      "predicted": 157.0,
      "error": 196.0,
      "dir_correct": 1,
      "accel_correct": 0
    },
    {
      "ds": "2024-02",
      "actual": 275.0,
      "predicted": 184.0,
      "error": 91.0,
      "dir_correct": 1,
      "accel_correct": 1
    },
    {
      "ds": "2024-03",
      "actual": 303.0,
      "predicted": 197.0,
      "error": 106.0,
      "dir_correct": 1,
      "accel_correct": 0
    },
    {
      "ds": "2024-04",
      "actual": 175.0,
      "predicted": 221.0,
      "error": -46.0,
      "dir_correct": 1,
      "accel_correct": 1
    },
    {
      "ds": "2024-05",
      "actual": 272.0,
      "predicted": 189.0,
      "error": 83.0,
      "dir_correct": 1,
      "accel_correct": 1
    },
    {
      "ds": "2024-06",
      "actual": 206.0,
      "predicted": 190.0,
      "error": 16.0,
      "dir_correct": 1,
      "accel_correct": 1
    },
    {
      "ds": "2024-07",
      "actual": 114.0,
      "predicted": 186.0,
      "error": -72.0,
      "dir_correct": 1,
      "accel_correct": 1
    },
    {
      "ds": "2024-08",
      "actual": 142.0,
      "predicted": 164.0,
      "error": -22.0,
      "dir_correct": 1,
      "accel_correct": 1
    },
    {
      "ds": "2024-09",
      "actual": 254.0,