{
  "trailing_window": 13,
  "nsa_weight_scale": 1.7183239852852956,
  "half_life_years": 1.217224324321245
}