{
  "RMSE": 2121.4697692305645,
  "MAE": 544.0819562280456,
  "MAPE": 44.97827555766814,
  "MedAPE": 25.54577171307916,
  "Mean_Error": 42.57167661410523,
  "Median_Error": -53.97221212684906,
  "Std_Error": 2121.0425818708704,
  "Max_Error": 19949.575736680014,
  "Min_Error": 1.892404194962296,
  "P90_Error": 731.938038135259,
  "P95_Error": 1167.3666128349746,
  "R2": 0.17734877528205284,
  "Direction_Accuracy": 91.91919191919192,
  "N": 99
}