{
  "RMSE": 293.33500546313456,
  "MAE": 194.23582706061978,
  "MAPE": 27.68258595401742,
  "MedAPE": 25.94798228403944,
  "Mean_Error": -40.25770576411488,
  "Median_Error": -56.4778176139306,
  "Std_Error": 290.55936150237375,
  "Max_Error": 1211.6014349805782,
  "Min_Error": 9.346762056731563,
  "P90_Error": 355.45235589809585,
  "P95_Error": 479.4152742539877,
  "R2": 0.9179697468056286,
  "Direction_Accuracy": 100.0,
  "N": 35
}