{
  "model_id": "kalman_fusion",
  "overall": {
    "RMSE": 133.02624932008317,
    "MAE": 93.61368144315784,
    "MSE": 17695.983008168925,
    "STD_Actual": 189.22220170244944,
    "STD_Pred": 148.02286551195473,
    "STD_Ratio": 0.7822700728570934,
    "Diff_STD_Actual": 170.24293651443026,
    "Diff_STD_Pred": 130.00807005503864,
    "Diff_STD_Ratio": 0.7636620509304878,
    "Corr_Level": 0.7338462672545457,
    "Corr_Diff": 0.32739962077049467,
    "Diff_Sign_Accuracy": 0.7017543859649122,
    "Tail_MAE": 136.50502121618763,
    "Extreme_Hit_Rate": 0.16666666666666666,
    "NonCovid_RMSE": 133.02624932008317,
    "NonCovid_MAE": 93.61368144315784,
    "NonCovid_MSE": 17695.983008168925,
    "NonCovid_STD_Actual": 189.22220170244944,
    "NonCovid_STD_Pred": 148.02286551195473,
    "NonCovid_STD_Ratio": 0.7822700728570934,
    "NonCovid_Diff_STD_Actual": 170.24293651443026,
    "NonCovid_Diff_STD_Pred": 130.00807005503864,
    "NonCovid_Diff_STD_Ratio": 0.7636620509304878,
    "NonCovid_Corr_Level": 0.7338462672545457,
    "NonCovid_Corr_Diff": 0.32739962077049467,
    "NonCovid_Diff_Sign_Accuracy": 0.7017543859649122,
    "NonCovid_Tail_MAE": 136.50502121618763,
    "NonCovid_Extreme_Hit_Rate": 0.16666666666666666,
    "CovidOnly_RMSE": NaN,
    "CovidOnly_MAE": NaN,
    "CovidOnly_MSE": NaN,
    "CovidOnly_STD_Actual": NaN,
    "CovidOnly_STD_Pred": NaN,
    "CovidOnly_STD_Ratio": NaN,
    "CovidOnly_Diff_STD_Actual": NaN,
    "CovidOnly_Diff_STD_Pred": NaN,
    "CovidOnly_Diff_STD_Ratio": NaN,
    "CovidOnly_Corr_Level": NaN,
    "CovidOnly_Corr_Diff": NaN,
    "CovidOnly_Diff_Sign_Accuracy": NaN,
    "CovidOnly_Tail_MAE": NaN,
    "CovidOnly_Extreme_Hit_Rate": NaN,
    "N": 58,
    "N_NonCovid": 58,
    "N_Covid": 0,
    "Directional_Accuracy": 0.9655172413793104,
    "Acceleration_Accuracy": 0.7017543859649122,
    "N_Backtest": 58
  },
  "per_month": [
    {
      "ds": "2021-06",
      "actual": 850.0,
      "predicted": 441.39105671798654,
      "error": 408.60894328201346,
      "dir_correct": 1,
      "accel_correct": null
    },
    {
      "ds": "2021-07",
      "actual": 943.0,
      "predicted": 843.5961136353675,
      "error": 99.40388636463251,
      "dir_correct": 1,
      "accel_correct": 0
    },
    {
      "ds": "2021-08",
      "actual": 235.0,
      "predicted": 468.6010113552392,
      "error": -233.60101135523922,
      "dir_correct": 1,
      "accel_correct": 1
    },
    {
      "ds": "2021-09",
      "actual": 194.0,
      "predicted": 289.1995443411509,
      "error": -95.1995443411509,
      "dir_correct": 1,
      "accel_correct": 0
    },
    {
      "ds": "2021-10",
      "actual": 531.0,
      "predicted": 132.1674062739175,
      "error": 398.8325937260825,
      "dir_correct": 1,
      "accel_correct": 0
    },
    {
      "ds": "2021-11",
      "actual": 210.0,
      "predicted": 311.7691176976854,
      "error": -101.76911769768537,
      "dir_correct": 1,
      "accel_correct": 1
    },
    {
      "ds": "2021-12",
      "actual": 199.0,
      "predicted": 492.73521168770804,
      "error": -293.73521168770804,
      "dir_correct": 1,
      "accel_correct": 0
    },
    {
      "ds": "2022-01",
      "actual": 467.0,
      "predicted": 524.005225442366,
      "error": -57.005225442366054,
      "dir_correct": 1,
      "accel_correct": 1
    },
    {
      "ds": "2022-02",
      "actual": 678.0,
      "predicted": 333.8571021838365,
      "error": 344.1428978161635,
      "dir_correct": 1,
      "accel_correct": 0
    },
    {
      "ds": "2022-03",
      "actual": 431.0,
      "predicted": 422.6734646542711,
      "error": 8.326535345728928,
      "dir_correct": 1,
      "accel_correct": 1
    },
    {
      "ds": "2022-04",
      "actual": 428.0,
      "predicted": 259.90886052360827,
      "error": 168.09113947639173,
      "dir_correct": 1,
      "accel_correct": 1
    },
    {
      "ds": "2022-05",
      "actual": 390.0,
      "predicted": 363.29537381165267,
      "error": 26.704626188347333,
      "dir_correct": 1,
      "accel_correct": 1
    },
    {
      "ds": "2022-06",
      "actual": 372.0,
      "predicted": 361.29278526664723,
      "error": 10.707214733352771,
      "dir_correct": 1,
      "accel_correct": 1
    },
    {
      "ds": "2022-07",
      "actual": 528.0,
      "predicted": 344.02885647780414,
      "error": 183.97114352219586,
      "dir_correct": 1,
      "accel_correct": 0
    },
    {
      "ds": "2022-08",
      "actual": 315.0,
      "predicted": 336.11577072526,
      "error": -21.115770725260006,
      "dir_correct": 1,
      "accel_correct": 1
    },
    {
      "ds": "2022-09",
      "actual": 263.0,
      "predicted": 235.0338463679689,
      "error": 27.96615363203111,
      "dir_correct": 1,
      "accel_correct": 1
    },
    {
      "ds": "2022-10",
      "actual": 261.0,
      "predicted": -59.655665851385024,
      "error": 320.65566585138504,
      "dir_correct": 0,
      "accel_correct": 1
    },
    {
      "ds": "2022-11",
      "actual": 263.0,
      "predicted": 132.79604048104034,
      "error": 130.20395951895966,
      "dir_correct": 1,
      "accel_correct": 0
    },
    {
      "ds": "2022-12",
      "actual": 223.0,
      "predicted": 275.7574984983282,
      "error": -52.757498498328175,
      "dir_correct": 1,
      "accel_correct": 0
    },
    {
      "ds": "2023-01",
      "actual": 517.0,
      "predicted": 452.44798904742566,
      "error": 64.55201095257434,
      "dir_correct": 1,
      "accel_correct": 1
    },
    {
      "ds": "2023-02",
      "actual": 311.0,
      "predicted": 189.84659261532747,
      "error": 121.15340738467253,
      "dir_correct": 1,
      "accel_correct": 1
    },
    {
      "ds": "2023-03",
      "actual": 236.0,
      "predicted": 173.23626362899566,
      "error": 62.76373637100434,
      "dir_correct": 1,
      "accel_correct": 1
    },
    {
      "ds": "2023-04",
      "actual": 253.0,
      "predicted": 200.5057939448344,
      "error": 52.49420605516559,
      "dir_correct": 1,
      "accel_correct": 0
    },
    {
      "ds": "2023-05",
      "actual": 339.0,
      "predicted": 257.69990623446347,
      "error": 81.30009376553653,
      "dir_correct": 1,
      "accel_correct": 1
    },
    {
      "ds": "2023-06",
      "actual": 209.0,
      "predicted": 258.5832124123066,
      "error": -49.58321241230658,
      "dir_correct": 1,
      "accel_correct": 1
    },
    {
      "ds": "2023-07",
      "actual": 187.0,
      "predicted": 162.75046171446934,
      "error": 24.24953828553066,
      "dir_correct": 1,
      "accel_correct": 1
    },
    {
      "ds": "2023-08",
      "actual": 187.0,
      "predicted": 195.29444201382,
      "error": -8.294442013820003,
      "dir_correct": 1,
      "accel_correct": 0
    },
    {
      "ds": "2023-09",
      "actual": 336.0,
      "predicted": 231.30002463707606,
      "error": 104.69997536292394,
      "dir_correct": 1,
      "accel_correct": 1
    },
    {
      "ds": "2023-10",
      "actual": 150.0,
      "predicted": 139.97293029031977,
      "error": 10.027069709680234,
      "dir_correct": 1,
      "accel_correct": 1
    },
    {
      "ds": "2023-11",
      "actual": 164.0,
      "predicted": 119.56072484255868,
      "error": 44.439275157441315,
      "dir_correct": 1,
      "accel_correct": 0
    },
    {
      "ds": "2023-12",
      "actual": 216.0,
      "predicted": 83.19696587902477,
      "error": 132.8030341209752,
      "dir_correct": 1,
      "accel_correct": 0
    },
    {
      "ds": "2024-01",
      "actual": 353.0,
      "predicted": 282.88673846075517,
      "error": 70.11326153924483,
      "dir_correct": 1,
      "accel_correct": 1
    },
    {
      "ds": "2024-02",
      "actual": 275.0,
      "predicted": 193.867097065841,
      "error": 81.132902934159,
      "dir_correct": 1,
      "accel_correct": 1
    },
    {
      "ds": "2024-03",
      "actual": 303.0,
      "predicted": 221.66191143369443,
      "error": 81.33808856630557,