{
  "RMSE": 249.90051174467837,
  "MAE": 168.78807748343334,
  "MAPE": 26.41759298471717,
  "MedAPE": 20.92283490655968,
  "Mean_Error": -53.147761278171046,
  "Median_Error": -51.075116176555156,
  "Std_Error": 244.18349911771406,
  "Max_Error": 885.05751264731,
  "Min_Error": 4.08412153725385,
  "P90_Error": 336.40371298650166,
  "P95_Error": 461.58265491122654,
  "R2": 0.9390047938855459,
  "Direction_Accuracy": 97.22222222222221,
  "N": 36
}