{
  "RMSE": 2122.656381260866,
  "MAE": 563.8856151727658,
  "MAPE": 64.25738173372756,
  "MedAPE": 26.716311250868568,
  "Mean_Error": 4.043062312030735,
  "Median_Error": -95.63021945658272,
  "Std_Error": 2122.6525308101222,
  "Max_Error": 19994.012466521875,
  "Min_Error": 2.6833739928572413,
  "P90_Error": 824.0243558682636,
  "P95_Error": 1260.2121897648772,
  "R2": 0.17642824286955883,
  "Direction_Accuracy": 93.93939393939394,
  "N": 99
}