{
  "trailing_window": 14,
  "nsa_weight_scale": 2.0985518866561006,
  "half_life_years": 1.4441957082783357
}