{
  "model_id": "nsa_predicted_adjustment_revised",
  "overall": {
    "RMSE": 220.27516438010974,
    "MAE": 176.97353729064912,
    "MSE": 48521.14804268436,
    "STD_Actual": 189.22220170244944,
    "STD_Pred": 287.6674406737808,
    "STD_Ratio": 1.5202626229142804,
    "Diff_STD_Actual": 170.24293651443026,
    "Diff_STD_Pred": 303.0781418538846,
    "Diff_STD_Ratio": 1.7802685271949292,
    "Corr_Level": 0.6673882063102273,
    "Corr_Diff": 0.37978983851856424,
    "Diff_Sign_Accuracy": 0.7017543859649122,
    "Tail_MAE": 174.11846583365792,
    "Extreme_Hit_Rate": 0.6666666666666666,
    "NonCovid_RMSE": 220.27516438010974,
    "NonCovid_MAE": 176.97353729064912,
    "NonCovid_MSE": 48521.14804268436,
    "NonCovid_STD_Actual": 189.22220170244944,
    "NonCovid_STD_Pred": 287.6674406737808,
    "NonCovid_STD_Ratio": 1.5202626229142804,
    "NonCovid_Diff_STD_Actual": 170.24293651443026,
    "NonCovid_Diff_STD_Pred": 303.0781418538846,
    "NonCovid_Diff_STD_Ratio": 1.7802685271949292,
    "NonCovid_Corr_Level": 0.6673882063102273,
    "NonCovid_Corr_Diff": 0.37978983851856424,
    "NonCovid_Diff_Sign_Accuracy": 0.7017543859649122,
    "NonCovid_Tail_MAE": 174.11846583365792,
    "NonCovid_Extreme_Hit_Rate": 0.6666666666666666,
    "CovidOnly_RMSE": NaN,
    "CovidOnly_MAE": NaN,
    "CovidOnly_MSE": NaN,
    "CovidOnly_STD_Actual": NaN,
    "CovidOnly_STD_Pred": NaN,
    "CovidOnly_STD_Ratio": NaN,
    "CovidOnly_Diff_STD_Actual": NaN,
    "CovidOnly_Diff_STD_Pred": NaN,
    "CovidOnly_Diff_STD_Ratio": NaN,
    "CovidOnly_Corr_Level": NaN,
    "CovidOnly_Corr_Diff": NaN,
    "CovidOnly_Diff_Sign_Accuracy": NaN,
    "CovidOnly_Tail_MAE": NaN,
    "CovidOnly_Extreme_Hit_Rate": NaN,
    "N": 58,
    "N_NonCovid": 58,
    "N_Covid": 0,
    "Directional_Accuracy": 0.7413793103448276,
    "Acceleration_Accuracy": 0.7017543859649122,
    "N_Backtest": 58
  },
  "per_month": [
    {
      "ds": "2021-06",
      "actual": 850.0,
      "predicted": 678.4704128826896,
      "error": 171.52958711731037,
      "dir_correct": 1,
      "accel_correct": null
    },
    {
      "ds": "2021-07",
      "actual": 943.0,
      "predicted": 1340.3918269739804,
      "error": -397.3918269739804,
      "dir_correct": 1,
      "accel_correct": 1
    },
    {
      "ds": "2021-08",
      "actual": 235.0,
      "predicted": 651.1667259021399,
      "error": -416.1667259021399,
      "dir_correct": 1,
      "accel_correct": 1
    },
    {
      "ds": "2021-09",
      "actual": 194.0,
      "predicted": 499.33651875245835,
      "error": -305.33651875245835,
      "dir_correct": 1,
      "accel_correct": 0
    },
    {
      "ds": "2021-10",
      "actual": 531.0,
      "predicted": -45.73147549180442,
      "error": 576.7314754918044,
      "dir_correct": 0,
      "accel_correct": 0
    },
    {
      "ds": "2021-11",
      "actual": 210.0,
      "predicted": 485.2210880875464,
      "error": -275.2210880875464,
      "dir_correct": 1,
      "accel_correct": 1
    },
    {
      "ds": "2021-12",
      "actual": 199.0,
      "predicted": 514.8543097946917,
      "error": -315.85430979469174,
      "dir_correct": 1,
      "accel_correct": 0
    },
    {
      "ds": "2022-01",
      "actual": 467.0,
      "predicted": 700.9978368525908,
      "error": -233.9978368525908,
      "dir_correct": 1,
      "accel_correct": 1
    },
    {
      "ds": "2022-02",
      "actual": 678.0,
      "predicted": 211.88036402867897,
      "error": 466.11963597132103,
      "dir_correct": 1,
      "accel_correct": 0
    },
    {
      "ds": "2022-03",
      "actual": 431.0,
      "predicted": 428.1241144385964,
      "error": 2.8758855614036065,
      "dir_correct": 1,
      "accel_correct": 1
    },
    {
      "ds": "2022-04",
      "actual": 428.0,
      "predicted": 442.51548262351,
      "error": -14.515482623510024,
      "dir_correct": 1,
      "accel_correct": 0
    },
    {
      "ds": "2022-05",
      "actual": 390.0,
      "predicted": 524.1327955385588,
      "error": -134.13279553855875,
      "dir_correct": 1,
      "accel_correct": 0
    },
    {
      "ds": "2022-06",
      "actual": 372.0,
      "predicted": 519.7792152535104,
      "error": -147.77921525351042,
      "dir_correct": 1,
      "accel_correct": 0
    },
    {
      "ds": "2022-07",
      "actual": 528.0,
      "predicted": 583.3523560017074,
      "error": -55.35235600170745,
      "dir_correct": 1,
      "accel_correct": 1
    },
    {
      "ds": "2022-08",
      "actual": 315.0,
      "predicted": 117.83951578368405,
      "error": 197.16048421631595,
      "dir_correct": 1,
      "accel_correct": 1
    },
    {
      "ds": "2022-09",
      "actual": 263.0,
      "predicted": 18.775647376258803,
      "error": 244.2243526237412,
      "dir_correct": 1,
      "accel_correct": 1
    },
    {
      "ds": "2022-10",
      "actual": 261.0,
      "predicted": -210.4771148040469,
      "error": 471.4771148040469,
      "dir_correct": 0,
      "accel_correct": 1
    },
    {
      "ds": "2022-11",
      "actual": 263.0,
      "predicted": 24.270754317102273,
      "error": 238.72924568289773,
      "dir_correct": 1,
      "accel_correct": 0
    },
    {
      "ds": "2022-12",
      "actual": 223.0,
      "predicted": 111.82818010629119,
      "error": 111.17181989370881,
      "dir_correct": 1,
      "accel_correct": 1
    },
    {
      "ds": "2023-01",
      "actual": 517.0,
      "predicted": 610.1771873765456,
      "error": -93.17718737654559,
      "dir_correct": 1,
      "accel_correct": 1
    },
    {
      "ds": "2023-02",
      "actual": 311.0,
      "predicted": -25.79161496560323,
      "error": 336.79161496560323,
      "dir_correct": 0,
      "accel_correct": 1
    },
    {
      "ds": "2023-03",
      "actual": 236.0,
      "predicted": 270.8088321892319,
      "error": -34.80883218923191,
      "dir_correct": 1,
      "accel_correct": 1
    },
    {
      "ds": "2023-04",
      "actual": 253.0,
      "predicted": 380.840708589918,
      "error": -127.840708589918,
      "dir_correct": 1,
      "accel_correct": 1
    },
    {
      "ds": "2023-05",
      "actual": 339.0,
      "predicted": 315.7298414234315,
      "error": 23.27015857656852,
      "dir_correct": 1,
      "accel_correct": 1
    },
    {
      "ds": "2023-06",
      "actual": 209.0,
      "predicted": 189.90655001519622,
      "error": 19.093449984803783,
      "dir_correct": 1,
      "accel_correct": 1
    },
    {
      "ds": "2023-07",
      "actual": 187.0,
      "predicted": -126.33317602889383,
      "error": 313.33317602889383,
      "dir_correct": 0,
      "accel_correct": 1
    },
    {
      "ds": "2023-08",
      "actual": 187.0,
      "predicted": 121.47298657295188,
      "error": 65.52701342704812,
      "dir_correct": 1,
      "accel_correct": 0
    },
    {
      "ds": "2023-09",
      "actual": 336.0,
      "predicted": 254.65222312461782,
      "error": 81.34777687538218,
      "dir_correct": 1,
      "accel_correct": 1
    },
    {
      "ds": "2023-10",
      "actual": 150.0,
      "predicted": -50.04260321207869,
      "error": 200.0426032120787,
      "dir_correct": 0,
      "accel_correct": 1
    },
    {
      "ds": "2023-11",
      "actual": 164.0,
      "predicted": -33.440288252583684,
      "error": 197.44028825258368,
      "dir_correct": 0,
      "accel_correct": 0
    },
    {
      "ds": "2023-12",
      "actual": 216.0,
      "predicted": 186.02551160731036,
      "error": 29.974488392689636,
      "dir_correct": 1,
      "accel_correct": 1
    },
    {
      "ds": "2024-01",
      "actual": 353.0,
      "predicted": 369.3952830743592,
      "error": -16.395283074359213,
      "dir_correct": 1,
      "accel_correct": 1
    },
    {
      "ds": "2024-02",
      "actual": 275.0,
      "predicted": -80.8107324096627,
      "error": 355.8107324096627,
      "dir_correct": 0,
      "accel_correct": 1
    },
    {
      "ds": "2024-03",
      "actual": 303.0,
      "predicted": 1.1362447753645029,