{
  "RMSE": 2155.7275565860436,
  "MAE": 554.0252079466723,
  "MAPE": 45.97702834175546,
  "MedAPE": 25.861061490594206,
  "Mean_Error": 41.11297952365544,
  "Median_Error": -76.9321820431204,
  "Std_Error": 2155.33547763199,
  "Max_Error": 20373.671052434038,
  "Min_Error": 1.5089684787407975,
  "P90_Error": 803.1010909518193,
  "P95_Error": 1168.8525837760437,
  "R2": 0.15056568720305863,
  "Direction_Accuracy": 93.93939393939394,
  "N": 99
}