{
  "RMSE": 2125.72491980251,
  "MAE": 520.4429038269584,
  "MAPE": 40.77716581086902,
  "MedAPE": 17.66907061356416,
  "Mean_Error": 18.523086871080128,
  "Median_Error": -44.0130134981423,
  "Std_Error": 2125.6442152726677,
  "Max_Error": 20038.400145754003,
  "Min_Error": 0.40181468155566336,
  "P90_Error": 832.4400977756878,
  "P95_Error": 1341.123267537891,
  "R2": 0.17404539056325707,
  "Direction_Accuracy": 90.9090909090909,
  "N": 99
}