{
  "trailing_window": 22,
  "nsa_weight_scale": 1.9480768674760014,
  "half_life_years": 1.057435757285948
}