{
  "RMSE": 2141.8394240058497,
  "MAE": 573.6459286631958,
  "MAPE": 61.040195674288256,
  "MedAPE": 27.136458461987917,
  "Mean_Error": 2.5892631086372337,
  "Median_Error": -106.72413128440803,
  "Std_Error": 2141.8378589291638,
  "Max_Error": 20164.894094814164,
  "Min_Error": 0.32124597810570776,
  "P90_Error": 766.0198586696736,
  "P95_Error": 1247.5125837233377,
  "R2": 0.16147528052312443,
  "Direction_Accuracy": 92.92929292929293,
  "N": 99
}